{"id1": {"id2": 0.662116611904101, "id3": 0.7989048925551565, "id4": 0.7997039792526569, "id5": 0.23930572419712393}, "id2": {"id3": 0.6907131708336296, "id4": 0.8897744619981861, "id5": 0.408021777263743}, "id3": {"id4": 0.9598662517118445, "id5": 0.8896674463811453}, "id4": {"id5": 0.8650491920125641}}